{
    "rotation_range": 18.0,
    "fill_mode": "wrap",
    "horizontal_flip": true,
    "brightness_range": [0.29895239505853, 0.8712073905090372],
    "cval": 0.8190885237118093
}
